goriou0@sakura.ne.jp,CS9330NC,Lion,Gregoriou,2000-10-20,2020-03-11,M,Lima Echo India Kilo,#9c57c1,3052422982
ngton1@webeden.co.uk,PO9588LC,Verne,Darrington,1982-12-03,2019-09-05,M, Juliett Quebec Echo,#58581e,2525893075
cbriereton2@nba.com,RL3369VG,Carry,Briereton,1988-06-29,2019-10-29,F,el Quebec Romeo Mike,#6c755d,8709674527
rcookes3@irs.gov,GS6640PP,Rosalinde,Cookes,1985-11-20,2020-03-12,F,Zulu Lima Oscar Golf,#95033b,1711103913
sslowgrove4@bbb.org,PW5190XS,Sylas,Slowgrove,1961-10-20,2020-04-30,M, Victor Sierra X-ray,#4ada7f,3314878748
der5@ycombinator.com,VY9511OJ,Gaile,Lander,1967-12-08,2019-10-03,M,skey Uniform Charlie,#421ac6,4153022338
ulin6@mayoclinic.com,ON4970CV,Arvin,Paulin,1952-01-04,2020-04-05,M,Foxtrot Bravo Sierra,#eaf55e,9705344002
tdooly7@is.gd,QO3561SS,Toby,Dooly,1977-04-15,2020-07-09,F,rra Bravo Lima India,#2f2ce9,5231336683
kydall8@google.co.jp,DY6772QP,Cross,Skydall,1983-11-05,2019-10-22,M, Victor Whiskey Papa,#7e0578,4005191256
nden9@purevolume.com,PS2903HE,Gert,Munden,1951-02-01,2019-12-12,F,ctor Zulu Oscar Lima,#816760,3174925121
gligoracia@exblog.jp,ML7515XA,Alvis,Gligoraci,1961-12-10,2019-10-13,M,o Yankee Bravo X-ray,#dff51d,5062542498
yurenevb@nytimes.com,TK9948BB,Lanita,Yurenev,1983-12-31,2019-09-12,F,ot Hotel Quebec Zulu,#92c2b9,8086556940
elsc@photobucket.com,WN2633VB,Ruthi,Jagels,1993-06-23,2020-01-02,F,cho Kilo Lima Sierra,#169825,1835291085
asaichd@360.cn,HY4340XZ,Allina,Saich,1963-03-19,2019-11-14,F, Whiskey India Hotel,#18a471,8291352978
hawkswoode@topsy.com,GH8720PR,Archibold,Hawkswood,1989-12-07,2020-08-09,M,r Yankee Mike Sierra,#f16062,3919130639
ebrallf@amazon.co.jp,UZ5348JJ,Cesar,Ebrall,1952-03-15,2020-06-22,M, Kilo Sierra Charlie,#ccd846,6137207224
aformg@ftc.gov,YY5081WP,Amber,Form,1967-07-29,2020-08-10,F,ngo Echo Kilo Yankee,#149496,5507446951
reaganh@netvibes.com,RR2660PJ,Jeanne,O' Reagan,1954-11-21,2019-08-18,F,ctor Oscar Mike Lima,#97d9fe,3429149287
zakeri@clickbank.net,AE1889YW,Nicholle,Sterzaker,1965-05-30,2020-01-11,F,olf Echo X-ray Tango,#d915a5,8061924001
lamosj@jalbum.net,JJ4343KB,Luke,Amos,2001-07-31,2019-09-18,M,November Tango Delta,#da327a,4136336280
adgatek@freewebs.com,CN8592GH,Waite,Fladgate,1986-12-19,2020-07-05,M,ber Lima X-ray India,#0d802e,2231862941
illockl@marriott.com,ER6444FY,Ray,Hillock,1978-02-11,2020-03-15,F,a Golf Charlie Bravo,#4bffae,1498469699
jmcfeatm@addthis.com,MO2039LZ,Janeen,McFeat,1999-12-18,2020-07-09,F,lo Charlie Lima Alfa,#9cda49,7109574222
cousbien@example.com,KE3251GN,Corty,Ousbie,1956-06-20,2019-08-27,M, Juliett Kilo Yankee,#1aac3c,9698067727
collissono@exblog.jp,UX5051ZT,Harvey,Collisson,1969-08-06,2020-06-13,M,ray Lima Oscar India,#53e2e8,7359737056
hfouchp@blog.com,QT4379AI,Huntley,Fouch,1955-12-27,2019-08-31,M,ctor Charlie Foxtrot,#9e8f3f,8066803981
gramsdaleq@cam.ac.uk,SL8679NC,Gussy,Ramsdale,1983-04-30,2020-02-29,F,rot Echo Delta Oscar,#bcf7b3,4489881024
ypooler@so-net.ne.jp,UN6012KT,Katee,Claypoole,1979-04-21,2020-02-07,F,go Mike Yankee Hotel,#c28970,5783125649
pjorios@google.fr,VO8019NH,Pattie,Jorio,1962-11-01,2019-11-19,M,meo Mike India Tango,#a5ac43,6908221373
gtownbyt@ox.ac.uk,LR2973VX,Gerri,Townby,1996-07-28,2020-02-14,F,ey Echo Victor Tango,#91f468,9055620113
cschulkeu@cbc.ca,IB1735GF,Christina,Schulke,1963-01-23,2019-09-05,F,elta X-ray Papa Kilo,#b15b6c,5337140359
ngohnv@mysql.com,XY7178BC,Normand,Gohn,1979-04-25,2020-06-01,M,Sierra Tango Uniform,#4a6772,7587765596
llmanw@angelfire.com,PB8603KG,Hillary,Collman,1996-02-12,2019-10-02,M,fa Echo Delta Yankee,#de3050,7989980942
lorkinx@bandcamp.com,DO6282VS,Blayne,Lorkin,1961-09-20,2019-10-05,M,rm Oscar Papa Quebec,#b0ad9c,8587602430
neliay@cdc.gov,BN7817LX,Natalie,Elia,1979-01-02,2019-10-04,F,ie Oscar Delta Hotel,#515035,9761900098
rhiomz@hao123.com,SC9548ZR,Robinson,Hiom,1990-07-07,2019-08-22,M,ovember X-ray Yankee,#5a3dc7,1403131423
inch10@woothemes.com,OV6312ZS,Yorke,Winch,1955-11-02,2020-05-09,M,f Quebec Alfa Yankee,#d5a9fa,8235154660
alen11@csmonitor.com,KP6617IW,Parke,Alen,1984-07-17,2020-06-06,M,Hotel Foxtrot Quebec,#92126e,4168996991
rd12@miibeian.gov.cn,CN7944GM,Ediva,Pitchford,1988-05-27,2020-02-13,F,tt Oscar Echo Yankee,#7d6e84,5473517909
zalvo13@geocities.jp,GH1816BU,Pammy,Gonzalvo,1980-07-29,2020-06-23,F, Sierra Alfa Juliett,#b4736f,3254701520
l14@wunderground.com,GP3176VT,Sarajane,Nicol,1987-04-30,2019-11-27,F,omeo Sierra November,#eab711,2443862083
radburne15@wiley.com,TL8317MY,Shell,Bradburne,1993-09-03,2020-04-16,F,eo Papa Zulu Whiskey,#5b7844,3144533744
efano16@cbslocal.com,HS6981NG,Melinde,Santostefano.,1975-08-17,2019-11-06,F,rm Kilo Juliett Zulu,#c0aee4,6721562000
nmcgrotty17@ehow.com,QD7734DZ,Nell,McGrotty,1964-01-17,2019-11-07,F, X-ray Zulu November,#345f3e,1161596694
lledward18@vk.com,SB2666TC,Licha,Ledward,1976-07-02,2019-12-25,F,ike Quebec Papa Golf,#8c46f4,6261558723
bgrebner19@webmd.com,IO7572QB,Bendicty,Grebner,1951-08-24,2019-11-14,M, Yankee Whiskey Echo,#2813cc,5344215936
alabaster1c@about.me,MS8941PY,Elissa,Alabaster,1985-10-18,2020-01-16,F, India Kilo November,#2439dc,3784063754
roche1d@google.co.jp,TO9951MM,Marie-jeanne,Baroche,1972-07-25,2020-03-15,F, Mike Delta November,#2208f0,1849992173
lfattorini1e@loc.gov,ER6828CZ,Lemuel,Fattorini,1976-04-10,2020-06-07,M,ra X-ray Delta Hotel,#38d33a,9778498634
romi@loc.gov,WE4125TR,manuel,romi,1976-04-10,2020-06-07,M,cdsvdsvs,#38d33a,9778498635
